{"outputs": [[-1.575244545936584, 4.98243236541748, -0.717290461063385, -1.342363357543945, 1.733986616134644, -0.357703894376755, 1.048083901405334, 0.950234830379486, 0.143525004386902, 1.8073490858078]], "prediction": [1]}{"outputs": [[-1.583049893379211, 4.978607654571533, -0.712559640407562, -1.339398860931396, 1.725109219551086, -0.360037624835968, 1.052508354187012, 0.942699193954468, 0.154556602239609, 1.801543474197388]], "prediction": [1]}{"outputs": [[-1.579323410987854, 4.97904109954834, -0.719874978065491, -1.330016255378723, 1.732973337173462, -0.36434531211853, 1.055097460746765, 0.930428981781006, 0.150819808244705, 1.810454487800598]], "prediction": [1]}{"outputs": [[-1.583706021308899, 4.980470657348633, -0.713727831840515, -1.341551303863525, 1.729673504829407, -0.356874763965607, 1.053098678588867, 0.930163085460663, 0.154236525297165, 1.797775387763977]], "prediction": [1]}{"outputs": [[-1.581228852272034, 4.992739677429199, -0.720803737640381, -1.345031261444092, 1.734881281852722, -0.361331790685654, 1.04323947429657, 0.950724124908447, 0.140498697757721, 1.803381681442261]], "prediction": [1]}{"outputs": [[-1.577020168304443, 4.979873657226562, -0.715496182441711, -1.33735191822052, 1.724617838859558, -0.36063015460968, 1.058808565139771, 0.938055515289307, 0.1597501039505, 1.804277300834656]], "prediction": [1]}{"outputs": [[-1.578920722007752, 4.984807968139648, -0.717586398124695, -1.332047700881958, 1.727467060089111, -0.364398509263992, 1.046545147895813, 0.945656776428223, 0.145481675863266, 1.799377679824829]], "prediction": [1]}{"outputs": [[-1.577890038490295, 4.979862213134766, -0.719898045063019, -1.329872846603394, 1.726194977760315, -0.361123979091644, 1.053194284439087, 0.937277913093567, 0.153399646282196, 1.806885361671448]], "prediction": [1]}{"outputs": [[-1.587132453918457, 4.97945499420166, -0.707023680210114, -1.347761034965515, 1.729701638221741, -0.35824653506279, 1.051805734634399, 0.937496066093445, 0.155221998691559, 1.803937673568726]], "prediction": [1]}{"outputs": [[-1.576924562454224, 4.966904163360596, -0.723715484142304, -1.341440439224243, 1.733393549919128, -0.36266028881073, 1.059689164161682, 0.932387053966522, 0.168587177991867, 1.817828893661499]], "prediction": [1]}{"outputs": [[-1.574728846549988, 4.980618000030518, -0.719699621200562, -1.341515183448792, 1.730694770812988, -0.359443962574005, 1.046334624290466, 0.946658313274384, 0.140503436326981, 1.796652913093567]], "prediction": [1]}{"outputs": [[-1.576740145683289, 4.975005149841309, -0.717147171497345, -1.339786529541016, 1.725207209587097, -0.360560238361359, 1.056424260139465, 0.941051483154297, 0.167001575231552, 1.804916858673096]], "prediction": [1]}{"outputs": [[-1.580680012702942, 4.98702335357666, -0.714096665382385, -1.336605787277222, 1.722343564033508, -0.367163062095642, 1.054500222206116, 0.941176176071167, 0.152981072664261, 1.802234649658203]], "prediction": [1]}{"outputs": [[-1.578400254249573, 4.981412887573242, -0.7140793800354, -1.343521595001221, 1.729926705360413, -0.355174422264099, 1.053693890571594, 0.945594906806946, 0.145767480134964, 1.806444048881531]], "prediction": [1]}{"outputs": [[-1.579199910163879, 4.983355045318604, -0.713581085205078, -1.342317819595337, 1.723819851875305, -0.354107618331909, 1.051812529563904, 0.942415356636047, 0.149654656648636, 1.79853630065918]], "prediction": [1]}{"outputs": [[-1.58255398273468, 4.98216724395752, -0.718295693397522, -1.336370944976807, 1.726787686347961, -0.358024954795837, 1.047875761985779, 0.943718552589416, 0.152173519134522, 1.797672152519226]], "prediction": [1]}{"outputs": [[-1.575042724609375, 4.98543119430542, -0.712132692337036, -1.333913207054138, 1.720097899436951, -0.36257991194725, 1.054978013038635, 0.941199958324432, 0.156680703163147, 1.800884008407593]], "prediction": [1]}{"outputs": [[-1.575710654258728, 4.981357574462891, -0.726617932319641, -1.337624549865723, 1.729964017868042, -0.357068002223968, 1.047783374786377, 0.945418000221252, 0.151774853467941, 1.800124168395996]], "prediction": [1]}{"outputs": [[-1.578060030937195, 4.966283798217774, -0.711510241031647, -1.337010145187378, 1.724656224250794, -0.369488477706909, 1.06044328212738, 0.933940172195435, 0.156536221504211, 1.809103608131409]], "prediction": [1]}{"outputs": [[-1.582648873329163, 4.985742568969726, -0.715645551681518, -1.338880658149719, 1.725839495658874, -0.356918036937714, 1.050114631652832, 0.942990005016327, 0.143588751554489, 1.807218551635742]], "prediction": [1]}